Parroquia,provincia,Cantidad
"guayaquil, cabecera cantonal y capital provincial",guayas,2764524
"quito distrito metropolitano, cabecera cantonal, *",pichincha,2714407
"cuenca, cabecera cantonal y capital provincial.",azuay,632432
"santo domingo de los colorados, cabecera cantonal*",santo domingo de los tsachilas,467259
"ambato, cabecera cantonal y capital provincial",tungurahua,421445
"machala, cabecera cantonal y capital provincial",el oro,359471
"san miguel de ibarra, cabecera cantonal y capital*",imbabura,339234
"riobamba, cabecera cantonal y capital provincial",chimborazo,330086
"loja, cabecera cantonal y capital provincial",loja,298279
"eloy alfaro (duran), cabecera cantonal",guayas,253151
calderon (carapungo),pichincha,232474
"portoviejo, cabecera cantonal y capital provincial",manabi,221698
"manta, cabecera cantonal",manabi,211147
"esmeraldas, cabecera cantonal y capital provincial",esmeraldas,193279
"quevedo, cabecera cantonal",los rios,191075
"sangolqui, cabecera cantonal",pichincha,183348
"babahoyo, cabecera cantonal y capital provincial",los rios,163748
"milagro, cabecera cantonal",guayas,151011
"latacunga, cabecera cantonal y capital provincial",cotopaxi,148972
"nueva loja, cabecera cantonal y capital provincial",sucumbios,131238
"tulcan, cabecera cantonal y capital provincial",carchi,114466
conocoto,pichincha,109776
"daule, cabecera cantonal",guayas,109112
"puerto francisco de orellana (el coca),cabecera c*",orellana,104475
"puyo, cabecera cantonal y capital provincial",pastaza,83863
"la libertad, cabecera cantonal",santa elena,80324
"macas, cabecera cantonal y capital provincial",morona santiago,78067
tumbaco,pichincha,74851
"santa rosa, cabecera cantonal",el oro,70960
"samborondon, cabecera cantonal",guayas,70522
"otavalo, cabecera cantonal",imbabura,69615
"pasaje, cabecera cantonal",el oro,68737
"guaranda, cabecera cantonal y capital provincial",bolivar,66496
"machachi, cabecera cantonal",pichincha,58429
"huaquillas, cabecera cantonal",el oro,57055
"san jacinto de buena fe, cabecera cantonal",los rios,57045
"ventanas, cabecera cantonal",los rios,54064
"azogues, cabecera cantonal y capital provincial",canar,53909
"tena, cabecera cantonal y capital provincial",napo,53006
cumbaya,pichincha,50781
"santa elena, cabecera cantonal y capital provinci*",santa elena,50735
"general villamil (playas), cabecera cantonal",guayas,50726
"cayambe, cabecera cantonal",pichincha,48051
"chone, cabecera cantonal",manabi,47174
"la troncal, cabecera cantonal",canar,46316
"naranjal, cabecera cantonal",guayas,46077
san antonio,pichincha,45832
"salinas, cabecera cantonal",santa elena,45397
la concordia,santo domingo de los tsachilas,44601
"vinces, cabecera cantonal",los rios,41150
"velasco ibarra (el empalme), cabecera cantonal",guayas,40922
"montecristi, cabecera cantonal",manabi,40268
"balzar, cabecera cantonal",guayas,39799
"el triunfo, cabecera cantonal",guayas,37781
pomasqui,pichincha,36984
"rosa zarate (quininde), cabecera cantonal",esmeraldas,36649
"el carmen, cabecera cantonal",manabi,35869
"la mana, cabecera cantonal",cotopaxi,34189
"san miguel, cabecera cantonal",cotopaxi,33927
"catamayo (la toma), cabecera cantonal",loja,32361
amaguana,pichincha,31870
"naranjito, cabecera cantonal",guayas,31414
"shushufindi, cabecera cantonal",sucumbios,31121
alangasi,pichincha,30833
"banos de agua santa, cabecera cantonal",tungurahua,30650
"el guabo, cabecera cantonal",el oro,29569
"pelileo, cabecera cantonal",tungurahua,29226
"atuntaqui, cabecera cantonal",imbabura,29033
"pedro carbo, cabecera cantonal",guayas,28461
yaruqui,pichincha,28455
"jipijapa, cabecera cantonal",manabi,27225
"valencia, cabecera cantonal",los rios,26376
"pujili, cabecera cantonal",cotopaxi,25956
pifo,pichincha,25856
"pedernales, cabecera cantonal",manabi,25639
"atacames, cabecera cantonal",esmeraldas,24812
"gualaceo, cabecera cantonal",azuay,24081
"san jacinto de yaguachi, cabecera cantonal",guayas,22774
"montalvo, cabecera cantonal",los rios,22420
san antonio,imbabura,22352
"mocache, cabecera cantonal",los rios,21982
aloag,pichincha,21446
virgen de fatima,guayas,21411
"puerto baquerizo moreno, cabecera cantonal y capi*",galapagos,20961
cutuglahua,pichincha,20960
ricaurte,azuay,20425
"arenillas, cabecera cantonal",el oro,20352
"san lorenzo, cabecera cantonal",esmeraldas,20337
"narcisa de jesus (nobol), cabecera cantonal",guayas,20324
"sucua, cabecera cantonal",morona santiago,20004
manglaralto,santa elena,19617
santa rosa,tungurahua,19522
izamba,tungurahua,19504
"pillaro, cabecera cantonal",tungurahua,19500
"san gabriel, cabecera cantonal",carchi,19252
el quinche,pichincha,19157
guayllabamba,pichincha,18768
"zamora, cabecera cantonal y capital provincial",zamora chinchipe,18603
"caluma, cabecera cantonal",bolivar,18329
"puebloviejo, cabecera cantonal",los rios,17984
"alfredo baquerizo moreno (jujan), cabecera canton",guayas,17923
"puerto ayora, cabecera cantonal",galapagos,17850
"tabacundo, cabecera cantonal",pichincha,17777
huachi grande,tungurahua,17651
puembo,pichincha,17487
"calceta, cabecera cantonal",manabi,16795
valle,azuay,16780
"rocafuerte, cabecera cantonal",manabi,16768
"echeandia, cabecera cantonal",bolivar,16628
tambillo,pichincha,16541
"guano, cabecera cantonal",chimborazo,16254
aloasi,pichincha,16231
"la joya de los sachas, cabecera cantonal",orellana,15932
"camilo ponce enriquez, cabecera cantonal",azuay,15900
posorja,guayas,15670
nayon,pichincha,15657
"bahia de caraquez, cabecera cantonal",manabi,15649
llano chico,pichincha,15608
"cotacachi, cabecera cantonal",imbabura,15415
"pinas, cabecera cantonal",el oro,15355
jose luis tamayo (muey),santa elena,15297
pintag,pichincha,15070
"jaramijo, cabecera cantonal",manabi,15033
tonsupa,esmeraldas,14983
"santa lucia, cabecera cantonal",guayas,14800
la union,esmeraldas,14606
"saquisili, cabecera cantonal",cotopaxi,14557
sevilla don bosco,morona santiago,14269
san juan,los rios,14050
"cariamanga, cabecera cantonal",loja,13938
"tosagua, cabecera cantonal",manabi,13834
tarifa,guayas,13806
ricaurte,los rios,13447
"yantzaza (yanzatza), cabecera cantonal",zamora chinchipe,13274
juan gomez rendon (progreso),guayas,13251
banos,azuay,13156
"gualaquiza, cabecera cantonal",morona santiago,13032
"canar, cabecera cantonal",canar,13004
"portovelo, cabecera cantonal",el oro,12927
"el salitre (las ramas), cabecera cantonal",guayas,12921
pimocha,los rios,12893
turi,azuay,12555
"balao, cabecera cantonal",guayas,12530
taracoa (nueva esperanza: yuca),orellana,12332
"lomas de sargentillo, cabecera cantonal",guayas,12262
"macara, cabecera cantonal",loja,12024
san carlos,los rios,11966
zapotal,los rios,11588
"pimampiro, cabecera cantonal",imbabura,11513
totoras,tungurahua,11277
tanicuchi,cotopaxi,11193
patricia pilar,los rios,11165
shell,pastaza,11102
guaitacama (guaytacama),cotopaxi,11011
"baba, cabecera cantonal",los rios,10895
calacali,pichincha,10885
febres cordero (las juntas),los rios,10824
"paute, cabecera cantonal",azuay,10823
atahualpa (chisalata),tungurahua,10819
crucita,manabi,10720
"san vicente, cabecera cantonal",manabi,10706
"san miguel, cabecera cantonal",bolivar,10635
san luis,chimborazo,10578
julio andrade (orejuela),carchi,10352
tababela,pichincha,10294
manuel cornejo astorga (tandapi),pichincha,10280
"santa isabel (chaguarurco), cabecera cantonal",azuay,10166
sinincay,azuay,10069
"cumanda, cabecera cantonal",chimborazo,10063
"quinsaloma, cabecera cantonal",los rios,9887
"biblian, cabecera cantonal",canar,9873
"zaruma, cabecera cantonal",el oro,9838
"muisne, cabecera cantonal",esmeraldas,9722
"las naves, cabecera cantonal",bolivar,9622
luz de america,santo domingo de los tsachilas,9618
charapoto,manabi,9162
sayausi,azuay,9014
alluriquin,santo domingo de los tsachilas,8937
"simon bolivar, cabecera cantonal",guayas,8910
"alausi, cabecera cantonal",chimborazo,8824
"tisaleo, cabecera cantonal",tungurahua,8773
"el pangui, cabecera cantonal",zamora chinchipe,8695
ambuqui,imbabura,8685
colonche,santa elena,8618
"cevallos, cabecera cantonal",tungurahua,8511
lican,chimborazo,8499
tarqui,pastaza,8475
"puerto quito, cabecera cantonal",pichincha,8471
"general antonio elizalde (bucay), cabecera canton*",guayas,8325
san luis de pambil,bolivar,8295
anconcito,santa elena,8224
la esperanza,los rios,8127
la union,los rios,8123
"archidona, cabecera cantonal",napo,8058
"pallatanga, cabecera cantonal",chimborazo,7990
"giron, cabecera cantonal",azuay,7967
"lumbaqui, cabecera cantonal",sucumbios,7853
los lojas (enrique baquerizo moreno),guayas,7819
"palestina,cabecera cantonal",guayas,7724
"coronel marcelino mariduena (san carlos), cabecer",guayas,7722
san bartolome de pinllog,tungurahua,7709
"guamote, cabecera cantonal",chimborazo,7688
san andres,chimborazo,7639
malacatos (valladolid),loja,7604
"patate, cabecera cantonal",tungurahua,7537
"quero, cabecera cantonal",tungurahua,7422
"el dorado de cascales, cabecera cantonal",sucumbios,7375
"villa la union (cajabamba), cabecera cantonal",chimborazo,7373
"isidro ayora, cabecera cantonal",guayas,7335
"palora (metzera),cabecera cantonal",morona santiago,7316
"celica, cabecera cantonal",loja,7247
san juan de pastocalle,cotopaxi,7204
san joaquin,azuay,7188
"santa ana de vuelta larga, cabecera cantonal",manabi,7142
"saraguro, cabecera cantonal",loja,7032
javier loyola (chuquipata),canar,6954
san pablo,imbabura,6952
"pedro vicente maldonado, cabecera cantonal",pichincha,6938
"catarama, cabecera cantonal",los rios,6853
valle hermoso,santo domingo de los tsachilas,6817
"alamor, cabecera cantonal",loja,6800
buenavista,el oro,6772
urcuqui cabecera cantonal,imbabura,6711
"sigsig, cabecera cantonal",azuay,6709
"san miguel de los bancos , cabecera cantonal",pichincha,6704
chiguaza,morona santiago,6686
borbon,esmeraldas,6658
"chambo, cabecera cantonal",chimborazo,6632
"catacocha, cabecera cantonal",loja,6556
"san jose de chimbo, cabecera cantonal",bolivar,6533
san mateo,esmeraldas,6526
"palenque, cabecera cantonal",los rios,6495
"colimes, cabecera cantonal",guayas,6461
tonchigue,esmeraldas,6443
tachina,esmeraldas,6337
tarqui,azuay,6316
"el angel, cabecera cantonal",carchi,6285
mulalo,cotopaxi,6264
"huaca, cabecera cantonal",carchi,6186
rio bonito,el oro,6093
picaigua,tungurahua,6092
taura,guayas,6090
la esperanza,imbabura,6086
lago san pedro,orellana,6081
"chillanes, cabecera cantonal",bolivar,6073
"junin, cabecera cantonal",manabi,6069
cotogchoa,pichincha,6046
"puerto el carmen del putumayo, cabecera cantonal",sucumbios,6012
nanegalito,pichincha,5992
uyumbicho,pichincha,5956
san francisco de natabuela,imbabura,5944
san roque,imbabura,5906
cotundo,napo,5903
guayas (pueblo nuevo),guayas,5872
"flavio alfaro, cabecera cantonal",manabi,5738
"santiago de mendez, cabecera cantonal",morona santiago,5736
limonal,guayas,5705
"balsas, cabecera cantonal",el oro,5686
"loreto, cabecera cantonal",orellana,5675
la merced,pichincha,5578
el retiro,el oro,5565
pansaleo,cotopaxi,5564
barbones (sucre),el oro,5549
"mira (chontahuasi), cabecera cantonal",carchi,5544
"chunchi, cabecera cantonal",chimborazo,5544
chanduy,santa elena,5507
paccha,azuay,5495
puerto limon,santo domingo de los tsachilas,5462
nulti,azuay,5367
general farfan,sucumbios,5328
san juan de iluman,imbabura,5315
vilcabamba (victoria),loja,5295
abdon calderon (san francisco),manabi,5288
"rioverde, cabecera cantonal",esmeraldas,5267
"mocha, cabecera cantonal",tungurahua,5218
"general leonidas plaza gutierrez (limon), cabece",morona santiago,5217
tenguel,guayas,5144
san jacinto del bua,santo domingo de los tsachilas,5117
santa rosa de flandes,guayas,5062
"el tambo, cabecera cantonal",canar,5021
san carlos,guayas,4968
"pajan, cabecera cantonal",manabi,4905
"puerto lopez, cabecera cantonal",manabi,4852
"zapotillo, cabecera cantonal",loja,4813
chobo,guayas,4812
avila (cab. en huiruno),orellana,4802
lloa,pichincha,4790
zambiza,pichincha,4775
"nabon, cabecera cantonal",azuay,4764
simon bolivar (cab. en mushullacta),pastaza,4754
general pedro j. montero (boliche),guayas,4727
"zumba, cabecera cantonal",zamora chinchipe,4704
"puerto villamil, cabecera cantonal",galapagos,4694
"sigchos, cabecera cantonal",cotopaxi,4687
guangopolo,pichincha,4675
san jose de ayora,pichincha,4657
yaguachi viejo (cone),guayas,4648
jesus maria,guayas,4634
santa cecilia,sucumbios,4629
checa (chilpa),pichincha,4612
"baeza, cabecera cantonal",napo,4606
"marcabeli, cabecera cantonal",el oro,4540
augusto n. martinez (mundugleo),tungurahua,4503
ascazubi,pichincha,4502
laurel,guayas,4471
calpi,chimborazo,4468
"tarapoa , cabecera cantonal",sucumbios,4332
"jama, cabecera cantonal",manabi,4329
isla de bejucal,los rios,4318
riochico (rio chico),manabi,4299
cojimies,manabi,4295
salinas,bolivar,4281
moraspungo,cotopaxi,4226
"taisha, cabecera cantonal",morona santiago,4180
roberto astudillo (cab. en cruce de venecia),guayas,4162
la peana,el oro,4130
"huamboya, cabecera cantonal",morona santiago,4122
balsapamba,bolivar,4107
"bolivar, cabecera cantonal",carchi,4064
cumbe,azuay,4022
llacao,azuay,4006
molleturo,azuay,4005
morro,guayas,3993
monterrey,santo domingo de los tsachilas,3939
el eno,sucumbios,3899
"pichincha, cabecera cantonal",manabi,3886
"palanda, cabecera cantonal",zamora chinchipe,3851
la iberia,el oro,3846
10 de agosto,manabi,3832
caracol,los rios,3789
pancho negro,canar,3773
mariscal sucre (huaques),guayas,3759
general proano,morona santiago,3742
"deleg, cabecera cantonal",canar,3723
mindo,pichincha,3716
pacayacu,sucumbios,3703
ulba,tungurahua,3659
tufino,carchi,3651
"paquisha, cabecera cantonal",zamora chinchipe,3609
la paz,carchi,3596
cangahua,pichincha,3585
cunchibamba,tungurahua,3521
belisario quevedo (guanailin),cotopaxi,3514
"chordeleg, cabecera cantonal",azuay,3509
quiroga,imbabura,3506
palma roja,sucumbios,3429
san jose del tambo (tambopamba),bolivar,3388
atahualpa,santa elena,3383
abdon calderon (la union),azuay,3379
coronel lorenzo de garaicoa (pedregal),guayas,3342
chiquintad,azuay,3306
pilaguin (pilahuin),tungurahua,3305
salinas,imbabura,3301
victoria del portete (irquis),azuay,3294
gonzalez suarez,imbabura,3291
"arajuno, cabecera cantonal",pastaza,3280
malchingui,pichincha,3233
"mera, cabecera cantonal",pastaza,3230
bellavista,el oro,3221
sabanilla,guayas,3204
limoncocha,sucumbios,3191
"zumbi, cabecera cantonal",zamora chinchipe,3174
"sucre, cabecera cantonal",manabi,3118
"el chaco, cabecera cantonal",napo,3114
bellavista,galapagos,3090
san simon (yacoto),bolivar,3083
juan bautista aguirre (los tintos),guayas,3075
tendales (cab.en puerto tendales),el oro,3059
rio blanco,morona santiago,3054
guapan,canar,3013
"pucara, cabecera cantonal",azuay,3009
san jose de quichinche,imbabura,3005
montalvo,tungurahua,2990
san pedro de los cofanes,sucumbios,2987
bomboiza,morona santiago,2953
nono,pichincha,2952
lita,imbabura,2949
alaques (alaquez),cotopaxi,2923
"pablo sexto, cabecera cantonal",morona santiago,2918
santa rosa de cuzubamba,pichincha,2914
"pindal, cabecera cantonal",loja,2877
viche,esmeraldas,2868
antonio sotomayor (cab. en playas de vinces),los rios,2843
los andes,carchi,2834
las villegas,santo domingo de los tsachilas,2829
los encuentros,zamora chinchipe,2828
chacras,el oro,2827
juan benigno vela,tungurahua,2825
"logrono, cabecera cantonal",morona santiago,2823
cascol,manabi,2814
"amaluza, cabecera cantonal",loja,2803
salasaca,tungurahua,2779
toacaso,cotopaxi,2772
san juan,chimborazo,2715
santa ana,azuay,2689
unamuncho,tungurahua,2664
sua (cab. en la bocana),esmeraldas,2652
poalo,cotopaxi,2648
quingeo,azuay,2636
canuto,manabi,2620
urbina (taya),carchi,2613
mulalillo,cotopaxi,2604
chinca,esmeraldas,2594
san jose de ancon,santa elena,2592
"guayzimi, cabecera cantonal",zamora chinchipe,2578
san isidro,manabi,2577
casacay,el oro,2562
cumbaratza,zamora chinchipe,2548
san pablo (san pablo de atenas),bolivar,2536
el carmelo (el pun),carchi,2531
eugenio espejo (calpaqui),imbabura,2524
dayuma,orellana,2503
"el corazon, cabecera cantonal",cotopaxi,2478
garcia moreno (chumaqui),tungurahua,2438
canoa,manabi,2438
san andres,tungurahua,2414
el tambo,loja,2404
el cabo,azuay,2400
guambalo (huambalo),tungurahua,2395
progreso,el oro,2372
"gonzanama, cabecera cantonal",loja,2327
san jose de chaltura,imbabura,2314
quisapincha (quizapincha),tungurahua,2278
"penipe, cabecera cantonal",chimborazo,2272
san cristobal (carlos ordonez lazo),azuay,2270
puna,guayas,2268
la avanzada,el oro,2255
"quilanga, cabecera cantonal",loja,2239
san pedro de la bendita,loja,2226
la esmeralda,los rios,2223
"suscal, cabecera cantonal",canar,2210
"olmedo, cabecera cantonal",manabi,2205
bellamaria,el oro,2202
papallacta,napo,2202
zumbahua,cotopaxi,2196
vuelta larga,esmeraldas,2194
"paccha, cabecera cantonal",el oro,2184
11 de noviembre (ilinchisi),cotopaxi,2177
"santa clara, cabecera cantonal",pastaza,2125
plan piloto,santo domingo de los tsachilas,2123
tumbabiro,imbabura,2108
puerto de cayo,manabi,2099
san placido,manabi,2063
san miguelito,tungurahua,2060
saracay,el oro,2040
tixan,chimborazo,2029
puerto napo,napo,2013
carolina,imbabura,1997
san sebastian del coca,orellana,1993
san isidro,carchi,1984
san antonio,manabi,1978
palmira,chimborazo,1963
"valdez (limones), cabecera cantonal",esmeraldas,1957
"santiago, cabecera cantonal",morona santiago,1944
el cisne,loja,1912
santa fe (santa fe),bolivar,1908
guare,los rios,1899
cebadas,chimborazo,1889
tocachi,pichincha,1868
cojitambo,canar,1866
manuel j. calle,canar,1853
madre tierra,pastaza,1851
maldonado,carchi,1850
huambi,morona santiago,1848
victoria,el oro,1824
el esfuerzo,santo domingo de los tsachilas,1822
siete de julio,sucumbios,1820
doctor miguel egas cabezas (peguche),imbabura,1819
rocafuerte,esmeraldas,1810
licto,chimborazo,1806
dureno,sucumbios,1803
imantag,imbabura,1787
"chaguarpamba, cabecera cantonal",loja,1782
santa rosa (incluye la isla baltra),galapagos,1781
san jose de chamanga (cab.en chamanga),esmeraldas,1777
general vernaza (dos esteros),guayas,1776
san pedro de vilcabamba,loja,1772
junquillal,guayas,1767
manga del cura,manabi,1764
gonzalo diaz de pineda (el bombon),napo,1752
"carlos julio arosemena tola, cabecera cantonal",napo,1742
benitez (pachanlica),tungurahua,1734
"28 de mayo (san jose de yacuambi), cabecera canto",zamora chinchipe,1705
checa (jidcay),azuay,1704
pasa,tungurahua,1669
san juan de muyuna,napo,1666
chacarita,los rios,1659
veracruz (cab. en indillama),pastaza,1658
sevilla,sucumbios,1656
sidcay,azuay,1655
santa maria del toachi,santo domingo de los tsachilas,1653
san felipe de ona cabecera cantonal,azuay,1646
la esperanza,pichincha,1644
luis cordero,canar,1641
gonzalo pizarro,sucumbios,1638
ducur,canar,1627
rio negro,tungurahua,1624
malimpia,esmeraldas,1606
puerto misahualli,napo,1599
ambatillo,tungurahua,1598
asuncion,azuay,1574
san blas,imbabura,1557
camarones (cab. en san vicente),esmeraldas,1546
timbara,zamora chinchipe,1543
san lorenzo,bolivar,1534
lagarto,esmeraldas,1530
guasaganda (cab.en guasaganda centro),cotopaxi,1519
cristobal colon,carchi,1512
cube,esmeraldas,1504
"olmedo, cabecera cantonal",loja,1501
imbaya (san luis de cobuendo),imbabura,1496
simiatug,bolivar,1490
honorato vasquez (tambo viejo),canar,1485
columbe,chimborazo,1480
el dorado,orellana,1469
jambeli,sucumbios,1463
la victoria,cotopaxi,1450
san isidro de patulu,chimborazo,1447
ahuano,napo,1444
julio e. moreno (catanahuan grande),bolivar,1440
pacto,pichincha,1437
san miguel,canar,1436
nuevo paraiso (cab. en union chimborazo),orellana,1432
machalilla,manabi,1424
mulliquindil (santa ana),cotopaxi,1415
concepcion,carchi,1415
cubijies,chimborazo,1412
fatima,pastaza,1409
nambacola,loja,1395
santa martha de cuba,carchi,1391
alhajuela (bajo grande),manabi,1383
san jose de minas,pichincha,1376
ricaurte,manabi,1350
puellaro,pichincha,1338
puerto pechiche,los rios,1329
taquil (miguel riofrio),loja,1321
san juan,azuay,1320
"guachapala, cabecera cantonal",azuay,1312
valle de la virgen,guayas,1309
san gerardo de pacaicaguan,chimborazo,1304
tupigachi,pichincha,1303
ayacucho,manabi,1301
guadalupe,zamora chinchipe,1301
joseguango bajo,cotopaxi,1299
los angeles,los rios,1293
presidente urbina (chagrapamba -patzucul),tungurahua,1292
el anegado (cab. en eloy alfaro),manabi,1289
ingapirca,canar,1285
la tola,esmeraldas,1283
"la victoria, cabecera cantonal",el oro,1279
quimiag,chimborazo,1278
san lucas,loja,1275
palmales,el oro,1273
angel pedro giler (la estancilla),manabi,1271
canaquemada,el oro,1264
chuquiribamba,loja,1258
el chaupi,pichincha,1247
asuncion,morona santiago,1231
olmedo (pesillo),pichincha,1224
sangay (cab. en nayamanaca),morona santiago,1216
"san juan bosco, cabecera cantonal",morona santiago,1213
malvas,el oro,1210
san roque (cab. en san vicente),sucumbios,1204
punin,chimborazo,1200
san luis de armenia,orellana,1193
el progreso,galapagos,1187
solano,canar,1184
san fernando (pasa san fernando),tungurahua,1169
salango,manabi,1158
san francisco,esmeraldas,1151
cusubamba,cotopaxi,1150
santa marianita (boca de pacoche),manabi,1144
nazon (cab. en pampa de dominguez),canar,1137
san antonio,el oro,1137
bilovan,bolivar,1130
santa lucia de las penas,esmeraldas,1125
la libertad (alizo),carchi,1121
antonio jose holguin (santa lucia),cotopaxi,1118
"chilla, cabecera cantonal",el oro,1112
la pila,manabi,1104
san bartolome,azuay,1095
facundo vela,bolivar,1094
santiago,bolivar,1090
achupallas,chimborazo,1080
urdaneta (paquishapa),loja,1075
angochagua,imbabura,1067
shimpis,morona santiago,1063
zhud,canar,1057
san gregorio,esmeraldas,1053
torata,el oro,1050
talag,napo,1048
mariano moreno,azuay,1045
chican (guillermo ortega),azuay,1045
asuncion (asancoto),bolivar,1042
bachillero,manabi,1037
magdalena (chapacoto),bolivar,1029
san carlos de las minas,zamora chinchipe,1020
la belleza,orellana,1018
nanegal,pichincha,1011
sinai,morona santiago,1009
diez de agosto,pastaza,1006
"sozoranga, cabecera cantonal",loja,1003
san rafael,imbabura,1003
jambeli,el oro,1001
rio verde,tungurahua,1001
montalvo (cab. en horqueta),esmeraldas,999
cuchaentza,morona santiago,997
sibambe,chimborazo,991
convento,manabi,986
oton,pichincha,985
huertas,el oro,982
octavio cordero palacios (santa rosa),azuay,975
san lorenzo,manabi,969
constantino fernandez (cab. en cullitahua),tungurahua,958
el rosario,guayas,938
santiago de quito (cab. en san antonio de quito),chimborazo,936
wilfrido loor moreira (maicito),manabi,932
jadan,azuay,920
tingo,cotopaxi,906
montalvo (andoas),pastaza,892
huigra,chimborazo,886
san antonio de las aradas (cab. en las aradas),loja,877
la victoria (nauza),guayas,875
guale,manabi,872
quiroga,manabi,868
san jose de morona,morona santiago,867
gualea,pichincha,865
pachicutza,zamora chinchipe,864
pungala,chimborazo,860
chontapunta,napo,857
canelos,pastaza,856
rumipamba,tungurahua,852
san pedro de suma,manabi,851
luis cordero vega,azuay,850
changaimina (la libertad),loja,850
campozano (la palma de pajan),manabi,849
san francisco de sageo,canar,843
san vicente de pusir,carchi,840
majua,esmeraldas,838
santa marianita de jesus,morona santiago,834
"san fernando, cabecera cantonal",azuay,830
mariscal sucre,carchi,829
el triunfo,pastaza,828
maldonado,esmeraldas,826
remigio crespo toral (gulag),azuay,823
chugchillan,cotopaxi,821
macuma,morona santiago,820
panguintza,zamora chinchipe,813
sabiango (la capilla),loja,812
16 de agosto,morona santiago,807
san jose de guayusa,orellana,790
ludo,azuay,787
el rosario (rumichaca),tungurahua,786
gualel,loja,783
pozul (san juan de pozul),loja,777
el guisme,zamora chinchipe,772
san pablo de ushpayacu,napo,771
chicana,zamora chinchipe,766
patuca,morona santiago,765
el reventador,sucumbios,762
moromoro (cab. en el vado),el oro,761
perucho,pichincha,761
pablo arenas,imbabura,759
pueblo nuevo,manabi,758
san sebastian,bolivar,758
el chical,carchi,757
chiquicha (cab. en chiquicha grande),tungurahua,751
la union,manabi,741
san vicente,bolivar,740
yunganza (cab. en el rosario),morona santiago,726
san sebastian,manabi,724
santiago,loja,719
gima,azuay,715
san antonio de bayushig,chimborazo,714
cuchil (cutchil),azuay,710
llagos,chimborazo,707
susudel,azuay,704
guangaje,cotopaxi,702
enokanqui,orellana,698
tres de noviembre,orellana,697
"el pan, cabecera cantonal",azuay,696
chura (chancama) (cab. en el yerbero),esmeraldas,692
sabanilla,loja,682
teniente hugo ortiz,pastaza,682
garcia moreno (llurimagua),imbabura,679
multitud,chimborazo,675
eloy alfaro,manabi,675
yanayacu - mochapata (cab. en yanayacu),tungurahua,673
chantilin,cotopaxi,672
cahuasqui,imbabura,671
carcabon,el oro,670
emilio maria teran (rumipamba),tungurahua,659
tundayme,zamora chinchipe,658
chibunga,manabi,657
tabiazo,esmeraldas,657
zapallo,manabi,647
gualleturo,canar,639
pilalo,cotopaxi,627
triunfo-dorado,zamora chinchipe,626
san francisco de chinimbimi,morona santiago,626
el ideal,morona santiago,613
santa rosa,napo,610
las nieves (chaya),azuay,608
el lucero,loja,608
honorato vasquez (cab. en vasquez),manabi,606
apuela,imbabura,604
chontaduro,esmeraldas,600
indanza,morona santiago,595
san francisco de borja (virgilio davila),napo,590
puerto murialdo,orellana,584
ayapamba,el oro,582
cochapata,azuay,564
pinguili,tungurahua,563
zhidmad,azuay,562
san isidro,morona santiago,562
cuyuja,napo,561
juan de velasco (pangor),chimborazo,560
cotalo,tungurahua,559
arapicos,morona santiago,559
capiro (cab. en la capilla de capiro),el oro,555
san carlos,orellana,554
27 de abril (cab. en la naranja),loja,546
san jacinto,guayas,545
daniel cordova toral (el oriente),azuay,543
san salvador de canaribamba,azuay,541
urbina,esmeraldas,537
sabanilla,zamora chinchipe,534
valladolid,zamora chinchipe,533
colaisaca,loja,528
sucre (cab. en sucre-patate urcu),tungurahua,524
bellavista,manabi,523
manu,loja,522
san jose de dahuano,orellana,521
pedro pablo gomez,manabi,521
membrillal,manabi,518
la union,azuay,517
santa teresita,loja,516
bolivar,tungurahua,516
chontamarca,canar,509
quinchicoto,tungurahua,505
los andes (cab. en poatug),tungurahua,503
gonzol,chimborazo,501
jimbura,loja,487
dug dug,azuay,483
san jose,pastaza,482
"sevilla de oro, cabecera cantonal",azuay,480
simon bolivar (julio moreno),santa elena,472
guasuntos,chimborazo,465
garzareal,loja,464
cordoncillo,el oro,464
tayuza,morona santiago,462
juncal,canar,461
colon eloy del maria,esmeraldas,459
bellavista,loja,458
jijon y caamano (cab. en rio blanco),carchi,455
yamana,loja,455
san antonio (cab. en san antonio centro),morona santiago,454
noboa,manabi,449
matus,chimborazo,449
casanga,loja,447
penaherrera,imbabura,445
san jose de raranga,azuay,442
sacapalca,loja,442
purunuma (eguiguren),loja,442
calderon,esmeraldas,438
yangana (arsenio castillo),loja,429
garcia moreno,carchi,428
simon bolivar (cab. en gananzol),azuay,425
palmas,azuay,424
canchagua,cotopaxi,421
tululbi (cab. en ricaurte),esmeraldas,420
guizhaguina,el oro,411
san vicente,azuay,408
guachanama,loja,407
concepcion,esmeraldas,402
muluncay grande,el oro,401
chantaco,loja,401
selva alegre,loja,396
lascano,manabi,394
aguas negras,sucumbios,392
general morales (socarte),canar,392
paletillas,loja,391
daule,esmeraldas,391
chorocopte,canar,387
cumanda (cab. en colonia agricola sevilla del or,morona santiago,386
capzol,chimborazo,383
bulan (jose victor izquierdo),azuay,380
curaray,pastaza,379
el progreso (cab.en zhota),azuay,377
monte olivo,carchi,377
pucayacu,cotopaxi,376
cacha (cab. en machangara),chimborazo,376
flores,chimborazo,376
atahualpa,manabi,375
las pampas,cotopaxi,373
guayquichuma,loja,369
boyaca,manabi,369
el altar,chimborazo,368
san pablo de tenta,loja,368
mercadillo,loja,367
san jose de poalo,tungurahua,360
turupamba,canar,359
alto tambo (cab. en guadual),esmeraldas,358
union milagrena,orellana,358
carondelet,esmeraldas,354
zurmi,zamora chinchipe,352
marcos espinel (chacata),tungurahua,351
puerto libre,sucumbios,350
la paz,zamora chinchipe,346
12 de diciembre (cab.en achiotes),loja,346
pindilig,canar,344
chirijos,manabi,344
arcapamba,el oro,344
jerusalen,canar,337
ilapo,chimborazo,334
hatun sumaku,napo,332
el ingenio,loja,330
chito,zamora chinchipe,330
quinara,loja,329
pano,napo,329
nueva tarqui,morona santiago,328
el paraiso de celen,loja,327
sinsao,el oro,326
chupianza,morona santiago,324
barraganete,manabi,318
garcia moreno,orellana,314
santa rufina,loja,309
tomebamba,azuay,308
arquitecto sixto duran ballen,manabi,306
isinlivi,cotopaxi,304
julcuy,manabi,304
salati,el oro,303
san rafael,carchi,303
san sebastian de yuluc,loja,301
cuyabeno,sucumbios,301
san martin de puzhio,azuay,300
ventura,canar,299
bolivar,esmeraldas,297
el rosario,loja,296
timbire,esmeraldas,296
larama,loja,296
la merced de buenos aires,imbabura,293
chitan de navarrete,carchi,291
"la bonita, cabecera cantonal",sucumbios,291
uzhcurrumi,el oro,290
pioter,carchi,288
lauro guerrero,loja,287
fernandez salvador,carchi,285
san rafael de sharug,azuay,284
san jose de payamino,orellana,282
rumipamba,pichincha,279
san antonio de qumbe (cumbe),loja,277
america,manabi,275
angamarca,cotopaxi,272
ciano,loja,267
cochapamba,cotopaxi,266
santa rita,esmeraldas,266
galera,esmeraldas,265
guel,azuay,264
tuutinentza,morona santiago,264
lligua,tungurahua,260
el limo (mariana de jesus),loja,259
cruzpamba (cab. en carlos bustamante),loja,259
la sofia,sucumbios,254
pomona,pastaza,251
puela,chimborazo,247
telimbela,bolivar,246
san jose,el oro,245
san luis de el acho (cab. en el acho),morona santiago,244
buenavista,loja,243
san vicente de huaticocha,orellana,242
san jose del chazo,chimborazo,241
lluzhapa,loja,239
san gerardo,azuay,237
ines arango (cab. en western),orellana,237
la bocana,el oro,236
el triunfo,tungurahua,235
milagros,loja,233
san roque (ambrosio maldonado),el oro,232
sanguillin,loja,230
regulo de mora,bolivar,228
santa susana de chiviaza (cab. en chiviaza),morona santiago,228
juan montalvo (san ignacio de quil),carchi,228
san antonio,canar,227
membrillo,manabi,227
pompeya,orellana,226
zuna (zunac),morona santiago,223
utuana,loja,222
santa fe de galan,chimborazo,221
luis galarza orellana (cab.en delegsol),azuay,220
cononaco,orellana,218
principal,azuay,216
orianga,loja,215
atahualpa (habaspamba),pichincha,213
el rosario,morona santiago,212
salima,esmeraldas,212
chaquinal,loja,209
tomas de berlanga (santo tomas),galapagos,207
san francisco del vergel,zamora chinchipe,201
guanazan,el oro,197
chuga,imbabura,196
rumipamba,orellana,195
jimbilla,loja,193
6 de julio de cuellaje (cab. en cuellaje),imbabura,192
vicentino,loja,191
cangonama,loja,188
piedras,el oro,188
10 de agosto,sucumbios,186
salvias,el oro,185
sarayacu,pastaza,184
selva alegre,esmeraldas,183
sardinas,napo,183
santiago de pananza,morona santiago,179
el tablon,loja,179
cosanga,napo,179
taday,canar,179
el paraiso,el oro,176
tacamoros,loja,173
zhaglli (shaglli),azuay,170
el arenal,loja,168
chavezpamba,pichincha,166
el porvenir del carmen,zamora chinchipe,164
chaucha,azuay,162
rivera,canar,161
la providencia,chimborazo,159
ramon campana,cotopaxi,158
san antonio,loja,158
curtincapa,el oro,157
chumblin,azuay,155
bilbao (cab.en quilluyacu),chimborazo,154
compud,chimborazo,153
sumaypamba,loja,152
fundochamba,loja,151
la tingue,loja,150
yaupi,morona santiago,147
mataje (cab. en santander),esmeraldas,145
anchayacu,esmeraldas,145
amaluza,azuay,144
san pablo (cab. en pueblo nuevo),manabi,144
amarillos,loja,141
la victoria,loja,140
abanin,el oro,140
telembi,esmeraldas,139
selva alegre (cab.en san miguel de pamplona),imbabura,137
morales,el oro,135
nuevo paraiso,zamora chinchipe,135
coronel carlos concha torres (cab.en huele),esmeraldas,135
guarainag,azuay,132
el goaltal,carchi,129
pistishi (nariz del diablo),chimborazo,126
nuevo quito,zamora chinchipe,126
el airo,loja,123
mariano acosta,imbabura,123
teninete maximiliano rodriguez loaiza,loja,120
alshi (cab. en 9 de octubre),morona santiago,119
copal,morona santiago,115
"nuevo rocafuerte, cabecera cantonal",orellana,114
milagro,el oro,108
imbana (la victoria de imbana),zamora chinchipe,107
guanando,chimborazo,107
san miguel de conchay,morona santiago,105
bellavista,zamora chinchipe,104
pucapamba,zamora chinchipe,100
la libertad,el oro,98
baquerizo moreno,tungurahua,97
la candelaria,chimborazo,96
san carlos de limon,morona santiago,96
zambi,loja,96
amazonas (rosario de cuyes),morona santiago,95
santa rosa de sucumbios,sucumbios,93
pumpuentsa,morona santiago,92
chumunde,esmeraldas,92
la chonta,zamora chinchipe,90
plaza gutierrez (calvario),imbabura,89
nueva fatima,loja,88
san miguel de cuyes,morona santiago,86
alejandro labaka,orellana,86
san juan de cerro azul,el oro,85
el ingenio,el oro,84
chiguinda,morona santiago,84
sevilla,chimborazo,83
palo quemado,cotopaxi,78
cani,chimborazo,78
san javier de cachavi (cab. en san javier),esmeraldas,75
tambillo,esmeraldas,73
mangahurco,loja,72
san francisco de novillo (cab. en novillo),manabi,70
san francisco de sigsipamba,imbabura,69
pumallacta,chimborazo,67
la canela,zamora chinchipe,64
limones,loja,64
valparaiso,chimborazo,61
bolaspamba,loja,57
pan de azucar,morona santiago,54
linares,napo,54
panacocha,sucumbios,53
rio tigre,pastaza,50
san andres,zamora chinchipe,50
pinllopata,cotopaxi,48
pataqui,imbabura,48
tutupali,zamora chinchipe,46
bermejos,morona santiago,44
piartal,carchi,41
vacas galindo (el churo) (cab.en san miguel alto),imbabura,40
oyacachi,napo,37
san jacinto de wakambeis,morona santiago,35
el chorro,zamora chinchipe,35
el playon de san francisco,sucumbios,35
cazaderos,loja,34
santa barbara,sucumbios,33
huasaga (cab. en wampuik),morona santiago,31
san isidro,el oro,31
santa elena,sucumbios,31
quingue (olmedo perdomo franco),esmeraldas,29
el eden,orellana,29
puerto rodriguez,sucumbios,22
atahualpa (cab. en camarones),esmeraldas,20
sumaco,napo,19
pampanal de bolivar,esmeraldas,18
rosa florida,sucumbios,18
yasuni,orellana,16
capitan augusto rivadeneyra,orellana,16
san francisco de onzole,esmeraldas,16
ancon (pichangal) (cab. en palma real),esmeraldas,14
san jose de cayapas,esmeraldas,14
puerto bolivar (puerto montufar),sucumbios,13
luis vargas torres (cab. en playa de oro),esmeraldas,12
isla santa maria (floreana) (cab. en pto. velasc,galapagos,11
"guayaquil, cabecera cantonal y capital provincial",morona santiago,10
rio corrientes,pastaza,10
5 de junio (cab. en uimbi),esmeraldas,10
santo domingo de onzole,esmeraldas,9
tobar donoso (la bocana de camumbi),carchi,9
santa maria de huiririma,orellana,2
rocafuerte,manabi,1
